train_accuracy,cross_val_accuracy,train_loss,cross_val_loss,time
0.9203233122825623,0.8859636783599854,0.19051611423492432,0.3576170802116394,0:09:23.812377
0.9410045146942139,0.8954057693481445,0.14146582782268524,0.2805168926715851,0:08:32.251998
0.948020875453949,0.8484742641448975,0.1258324682712555,0.36386367678642273,0:08:05.785130
0.9512681365013123,0.9399942755699158,0.1174461618065834,0.1544594019651413,0:08:09.046028
0.9557499289512634,0.9206245541572571,0.10770303755998611,0.20270314812660217,0:08:25.705217
