train_accuracy,cross_val_accuracy,train_loss,cross_val_loss,time
0.9135248064994812,0.7768623232841492,0.20220953226089478,1.1958390474319458,0:22:34.850834
