train_accuracy,cross_val_accuracy,train_loss,cross_val_loss,time
0.9182983040809631,0.7765802145004272,0.19237317144870758,0.6941555142402649,0:18:45.069489
