train_accuracy,cross_val_accuracy,train_loss,cross_val_loss,time
0.9290688037872314,0.7060033679008484,0.172176331281662,0.9824965000152588,0:13:59.159203
0.9471364617347717,0.9268175959587097,0.12795265018939972,0.1755257099866867,0:11:40.958151
0.9526639580726624,0.9348841309547424,0.11581885069608688,0.23248179256916046,0:11:39.478887
0.9563868045806885,0.921833872795105,0.1062578558921814,0.21377888321876526,0:11:39.513187
0.9591440558433533,0.8774232864379883,0.09869901835918427,0.36678430438041687,0:11:40.613611
