train_accuracy,cross_val_accuracy,train_loss,cross_val_loss,time
0.9244198203086853,0.4310530424118042,0.1823243349790573,1.2965803146362305,0:18:32.398528
0.9417329430580139,0.7748774290084839,0.14204488694667816,0.5149614214897156,0:18:48.551565
0.9486460089683533,0.8556742668151855,0.12408606708049774,0.30444571375846863,0:18:25.697603
0.9516808390617371,0.938286304473877,0.11734998971223831,0.15364915132522583,0:18:53.654185
0.9542761445045471,0.8740872144699097,0.11065445095300674,1.4953902959823608,0:19:11.162674
