train_accuracy,cross_val_accuracy,train_loss,cross_val_loss,time
0.9155259132385254,0.2355765849351883,0.20748311281204224,25.140018463134766,0:06:34.682464
0.9362284541130066,0.8221286535263062,0.15404635667800903,0.31439343094825745,0:06:01.645648
0.9443240761756897,0.8321470618247986,0.1347186416387558,0.5569419860839844,0:06:04.114280
0.9496668577194214,0.8984658718109131,0.12218168377876282,0.25502127408981323,0:06:33.283949
0.9502466917037964,0.772964358329773,0.12057115882635117,0.7073341608047485,0:06:48.933435
