train_accuracy,cross_val_accuracy,train_loss,cross_val_loss,time
0.9096450209617615,0.2235032469034195,0.21684569120407104,10.414630889892578,0:29:47.887004
