train_accuracy,cross_val_accuracy,train_loss,cross_val_loss,time
0.9265730381011963,0.8440461754798889,0.1793411821126938,0.544674813747406,0:14:29.569809
0.9460276961326599,0.7508490085601807,0.12960702180862427,0.5075783133506775,0:12:01.362385
0.9533749222755432,0.9449129104614258,0.1129797026515007,0.1336897909641266,0:12:02.460733
0.9576664566993713,0.8399626612663269,0.10256681591272354,0.3455612063407898,0:11:58.389550
0.9604678750038147,0.9083632826805115,0.09568284451961517,0.21898357570171356,0:12:01.608291
