train_accuracy,cross_val_accuracy,train_loss,cross_val_loss,time
0.925826907157898,0.2823769152164459,0.17553359270095825,2.1936495304107666,0:10:58.372223
0.9424289464950562,0.7223585247993469,0.1380908191204071,1.0888557434082031,0:10:12.467258
0.9457147717475891,0.904741108417511,0.1292002648115158,0.21990635991096497,0:10:08.166672
0.9503378868103027,0.8956116437911987,0.1203838661313057,0.2702949047088623,0:10:09.701759
0.9519636631011963,0.83681321144104,0.11466307193040848,0.36142173409461975,0:10:06.513101
