train_accuracy,cross_val_accuracy,train_loss,cross_val_loss,time
0.9219247102737427,0.8667279481887817,0.1977887600660324,0.2700493335723877,0:08:17.837321
0.9430909156799316,0.7861605882644653,0.1360355019569397,0.36349108815193176,0:07:25.043879
0.9489806890487671,0.8777822256088257,0.12242072820663452,0.2719342112541199,0:07:23.973648
0.9522029161453247,0.7814834117889404,0.11450150609016418,0.4776723384857178,0:07:26.006041
0.9553207755088806,0.8798028826713562,0.10645662248134613,0.2618977725505829,0:07:26.515574
