train_accuracy,cross_val_accuracy,train_loss,cross_val_loss,time
0.9224910140037537,0.7777519822120667,0.18424110114574432,1.8693453073501587,0:13:43.564682
0.9423000812530518,0.7336385250091553,0.14014054834842682,0.7350161671638489,0:11:25.726788
0.9495614171028137,0.7934368848800659,0.12376455217599869,0.649580180644989,0:11:24.848301
0.9527079463005066,0.6981435418128967,0.11437961459159851,0.8046136498451233,0:11:13.251022
0.9551849365234375,0.6361794471740723,0.10917935520410538,1.6344752311706543,0:11:14.002866
