train_accuracy,cross_val_accuracy,train_loss,cross_val_loss,time
0.8958789706230164,0.5587530732154846,0.24500158429145813,1.0289571285247803,0:12:05.787490
0.9296616911888123,0.6611371040344238,0.16785991191864014,1.2291676998138428,0:05:47.407741
0.9386505484580994,0.8280357718467712,0.14639610052108765,0.35493478178977966,0:05:56.442195
0.9442546963691711,0.8238629102706909,0.13409046828746796,0.3433050215244293,0:05:56.194123
0.9471682906150818,0.8353226780891418,0.12722335755825043,0.39033982157707214,0:05:54.273194
