train_accuracy,cross_val_accuracy,train_loss,cross_val_loss,time
0.9285295605659485,0.918573260307312,0.17254653573036194,0.24335528910160065,0:16:30.005382
0.9490887522697449,0.9500817656517029,0.12359669059515,0.1353759765625,0:13:13.793542
0.9550347328186035,0.9342648386955261,0.10983406007289886,0.17933088541030884,0:13:12.588497
0.9603118896484375,0.940129280090332,0.09724124521017075,0.15049006044864655,0:13:32.338979
0.9631134271621704,0.9428693652153015,0.0906388983130455,0.1371356099843979,0:13:23.593358
