train_accuracy,cross_val_accuracy,train_loss,cross_val_loss,time
0.9078184962272644,0.5906113386154175,0.22071461379528046,1.7401381731033325,0:09:50.232151
