train_accuracy,cross_val_accuracy,train_loss,cross_val_loss,time
0.9254558682441711,0.8006331920623779,0.17873914539813995,0.6896299123764038,0:09:09.000394
0.9484812021255493,0.6142049431800842,0.1252385675907135,1.8390684127807617,0:08:22.477749
0.9532410502433777,0.8620863556861877,0.11412684619426727,0.5673461556434631,0:08:40.010721
0.9576818346977234,0.8318727016448975,0.10204941034317017,0.527998685836792,0:08:40.669238
0.9600952863693237,0.7988165020942688,0.09665665775537491,1.1670793294906616,0:07:55.360375
