train_accuracy,cross_val_accuracy,train_loss,cross_val_loss,time
0.9089668989181519,0.4535544216632843,0.21544918417930603,0.8608520030975342,0:16:36.499821
0.9339121580123901,0.907089352607727,0.16017481684684753,0.23318198323249817,0:20:09.482824
0.9402979016304016,0.8680912852287292,0.1440766602754593,0.2677607834339142,0:20:50.094215
0.943531334400177,0.9052779078483582,0.13628727197647095,0.23966602981090546,0:20:28.283452
0.9465084075927734,0.7384099960327148,0.12874113023281097,0.961995005607605,0:20:31.312555
