train_accuracy,cross_val_accuracy,train_loss,cross_val_loss,time
0.9151335954666138,0.7842596173286438,0.20278887450695038,0.7437275648117065,0:08:58.256408
0.936951756477356,0.720224142074585,0.15022410452365875,0.4909937083721161,0:08:03.707079
0.9443506598472595,0.7822170853614807,0.13363155722618103,1.308693766593933,0:08:09.461113
0.9439309239387512,0.8817858695983887,0.13425694406032562,0.36641013622283936,0:08:02.870411
0.9507424831390381,0.8743378520011902,0.11829440295696259,0.28664323687553406,0:08:19.337122
