train_accuracy,cross_val_accuracy,train_loss,cross_val_loss,time
0.908870279788971,0.777454674243927,0.21658022701740265,0.5424466729164124,0:07:38.469478
