train_accuracy,cross_val_accuracy,train_loss,cross_val_loss,time
0.9101526737213135,0.42824408411979675,0.2167757898569107,193.38836669921875,0:16:11.540697
