train_accuracy,cross_val_accuracy,train_loss,cross_val_loss,time
0.9272295236587524,0.7833253741264343,0.17354486882686615,5.222231864929199,0:31:37.631307
