train_accuracy,cross_val_accuracy,train_loss,cross_val_loss,time
0.9278049468994141,0.8265737891197205,0.17009344696998596,0.34143033623695374,0:13:41.673087
0.9447032809257507,0.9243184328079224,0.13162046670913696,0.1968887597322464,0:12:29.367612
0.9509543776512146,0.9176758527755737,0.11747756600379944,0.19230806827545166,0:12:31.229753
0.9538788199424744,0.8826084136962891,0.11092337965965271,0.24615778028964996,0:12:29.281469
0.9558497667312622,0.9344282150268555,0.10549943149089813,0.19575868546962738,0:12:30.770756
