train_accuracy,cross_val_accuracy,train_loss,cross_val_loss,time
0.9178749322891235,0.7676141262054443,0.1975008249282837,0.8254300951957703,0:19:06.209796
