train_accuracy,cross_val_accuracy,train_loss,cross_val_loss,time
0.9272278547286987,0.4717998206615448,0.17053501307964325,5.27581262588501,0:10:17.201911
0.9487496018409729,0.7462601065635681,0.12345751374959946,2.0492587089538574,0:09:23.206402
0.9547904133796692,0.8770861029624939,0.10891319066286087,0.4024529457092285,0:09:28.806299
0.9586515426635742,0.8562374114990234,0.09983397275209427,0.4209780693054199,0:09:24.799510
0.9601444602012634,0.8839510679244995,0.09668736159801483,0.4020918011665344,0:09:29.517596
