train_accuracy,cross_val_accuracy,train_loss,cross_val_loss,time
0.9269031286239624,0.5109752416610718,0.17468783259391785,3.380542039871216,0:35:18.987751
0.9443140625953674,0.8056082129478455,0.13342314958572388,0.46767657995224,0:32:53.357027
0.9512282609939575,0.7974453568458557,0.11703906953334808,0.6029698252677917,0:32:37.786178
0.9538395404815674,0.8967578411102295,0.11181173473596573,0.24273526668548584,0:33:09.489804
0.9579583406448364,0.8136719465255737,0.10179725289344788,0.49618101119995117,0:32:29.289824
