train_accuracy,cross_val_accuracy,train_loss,cross_val_loss,time
0.9016945362091064,0.5774945616722107,0.2565208971500397,0.7892289757728577,0:12:54.165859
0.931179940700531,0.7068848609924316,0.16556094586849213,1.9486116170883179,0:09:05.599350
0.9379251003265381,0.8132720589637756,0.1486588716506958,0.3649930953979492,0:08:28.837354
0.9439786076545715,0.7952096462249756,0.1355295032262802,0.3892673850059509,0:08:13.454949
0.9473969340324402,0.8792591094970703,0.12618114054203033,0.28609713912010193,0:08:37.701559
