train_accuracy,cross_val_accuracy,train_loss,cross_val_loss,time
0.9193841218948364,0.23750557005405426,0.1881926953792572,1.8166857957839966,0:17:23.306898
0.939306378364563,0.7808496356010437,0.1435777246952057,1.502988338470459,0:18:30.653109
0.9452943205833435,0.7172805666923523,0.131820410490036,0.6867920160293579,0:18:56.750220
0.9491580724716187,0.8926528096199036,0.12091861665248871,0.2533237636089325,0:19:07.750863
0.950425922870636,0.8385840058326721,0.1199529618024826,0.4045741558074951,0:18:18.214370
