train_accuracy,cross_val_accuracy,train_loss,cross_val_loss,time
0.9227489233016968,0.7545794248580933,0.18681363761425018,0.9820078611373901,0:15:08.218481
0.9487634301185608,0.7873517870903015,0.12519602477550507,0.6711497902870178,0:10:28.471667
0.9528351426124573,0.7698052525520325,0.11378056555986404,0.5437696576118469,0:09:46.983445
0.9568782448768616,0.8068796396255493,0.1043270155787468,0.7649561166763306,0:09:37.391779
0.9582910537719727,0.8028051257133484,0.10091342777013779,0.5336259007453918,0:09:50.058195
