train_accuracy,cross_val_accuracy,train_loss,cross_val_loss,time
0.9194965362548828,0.8781223297119141,0.19439801573753357,0.28538307547569275,0:25:14.503470
0.9377778768539429,0.9070227146148682,0.14949089288711548,0.2400963455438614,0:25:31.738192
0.945740818977356,0.9125151038169861,0.13078300654888153,0.22098490595817566,0:25:05.195941
0.949615478515625,0.8813142776489258,0.12127932161092758,0.2719176709651947,0:25:34.862035
0.9539997577667236,0.9075025916099548,0.11143837869167328,0.25702401995658875,0:24:25.494919
