train_accuracy,cross_val_accuracy,train_loss,cross_val_loss,time
0.92125403881073,0.42713192105293274,0.1883513480424881,1.4312934875488281,0:13:08.056246
