train_accuracy,cross_val_accuracy,train_loss,cross_val_loss,time
0.9080409407615662,0.603928804397583,0.2121858298778534,1.0258558988571167,0:26:43.097825
0.9356179237365723,0.7766937613487244,0.15455278754234314,1.1168142557144165,0:25:34.924659
0.9411882162094116,0.7973614931106567,0.14053811132907867,0.4607140123844147,0:24:45.866753
0.9474678635597229,0.7651088833808899,0.12690627574920654,0.5122406482696533,0:24:40.324195
0.9486591219902039,0.7813280820846558,0.12321693450212479,1.0393186807632446,0:24:31.524856
