train_accuracy,cross_val_accuracy,train_loss,cross_val_loss,time
0.9099193811416626,0.783237099647522,0.2150849848985672,0.5413926839828491,0:35:34.628016
0.9245253801345825,0.823662281036377,0.17964348196983337,0.47723427414894104,0:33:41.419663
0.9386941194534302,0.6817014217376709,0.1461692750453949,0.7881672978401184,0:33:55.260761
0.9440537691116333,0.7836028337478638,0.1344308704137802,1.0456390380859375,0:34:39.179881
0.9440657496452332,0.7841931581497192,0.133298859000206,0.9683519005775452,0:34:25.793110
