train_accuracy,cross_val_accuracy,train_loss,cross_val_loss,time
0.9237515926361084,0.9234508275985718,0.19271285831928253,0.224634051322937,0:09:04.788390
0.9433194398880005,0.9268126487731934,0.13564541935920715,0.1888410896062851,0:08:05.423102
0.9495283365249634,0.9361191987991333,0.12136408686637878,0.16338713467121124,0:08:14.431740
0.9537049531936646,0.9275153279304504,0.11244683712720871,0.17752669751644135,0:08:06.344923
0.9561895132064819,0.9352807402610779,0.1056649461388588,0.1585126370191574,0:08:04.443900
